Source,SeriesID,Name,LatestDate,LatestValue,PreviousValue,Change,ChangePct
Yahoo,GLD,Gold ETF,2026-09-28,379.239990234375,393.4100036621094,-14.170013427734375,-3.6018436988970586
Yahoo,IWM,Russell 2000 ETF,2026-09-28,280.5400085449219,281.9700012207031,-1.42999267578125,-0.5071435505871308
Yahoo,QQQ,Nasdaq-100 ETF,2026-09-28,738.0900268554688,744.5,-6.40997314453125,-0.8609769166596708
Yahoo,SPY,S&P 500 ETF,2026-09-28,767.3099975585938,771.3499755859375,-4.03997802734375,-0.5237542173090597
Yahoo,TLT,20+ Year Treasury ETF,2026-09-28,78.61000061035156,79.31999969482422,-0.7099990844726562,-0.8951072708072452
Yahoo,^VIX,CBOE Volatility Index,2026-09-28,15.970000267028809,14.869999885559082,1.1000003814697266,7.397447141462226
FRED,CPIAUCSL,Consumer Price Index,2026-08-01,334.131,332.813,1.3179999999999836,0.39601818438582137
FRED,DGS10,10-Year Treasury Yield,2026-09-24,5.18,5.11,0.0699999999999994,1.3698630136986183
FRED,DGS2,2-Year Treasury Yield,2026-09-24,4.87,4.85,0.020000000000000462,0.4123711340206281
FRED,FEDFUNDS,Federal Funds Rate,2026-08-01,3.63,3.63,0.0,0.0
FRED,GDP,Gross Domestic Product,2026-04-01,32486.066,31865.721,620.3449999999975,1.9467471016896103
FRED,SOFR,Secured Overnight Financing Rate,2026-09-25,3.9,3.88,0.020000000000000018,0.5154639175257737
FRED,UNRATE,Unemployment Rate,2026-08-01,4.1,4.1,0.0,0.0
